{"cameraMode":{"drawMode":0,"name":"Shaded","section":"Shading Mode"},"sceneLighting":false,"audioPlay":false,"sceneViewState":{"showFog":true,"showMaterialUpdate":false,"showSkybox":false,"showFlares":true,"showImageEffects":true,"showParticleSystems":true},"in2DMode":false,"pivot":{"x":-19.049039840698243,"y":9.967601776123047,"z":-24.582481384277345},"rotation":{"x":-0.022255422547459604,"y":-0.9432621002197266,"z":0.32499945163726809,"w":-0.06461678445339203},"size":13.698834419250489,"orthographic":false}