{"cameraMode":{"drawMode":0,"name":"Shaded","section":"Shading Mode"},"sceneLighting":false,"audioPlay":false,"sceneViewState":{"showFog":true,"showMaterialUpdate":false,"showSkybox":false,"showFlares":true,"showImageEffects":true,"showParticleSystems":true},"in2DMode":false,"pivot":{"x":0.0,"y":0.42676687240600588,"z":-0.5877460241317749},"rotation":{"x":-0.24652986228466035,"y":0.36721041798591616,"z":-0.10280913859605789,"w":-0.8912882208824158},"size":2.7170968055725099,"orthographic":false}